Apple_Returns,Microsoft_Returns,Inflation_Change
1.0,0.5882369512477528,-0.07469865304419436
0.5882369512477528,1.0,-0.07017581648356858
-0.07469865304419436,-0.07017581648356858,1.0
