Apple_Returns,Microsoft_Returns,Inflation_Change
1.0,0.47115139931655764,0.07557652377800042
0.47115139931655764,1.0,-0.0010271269215328714
0.07557652377800042,-0.0010271269215328714,1.0
